date,source,report_file,glucose_mg_dl,hba1c_pct,total_chol_mg_dl,hdl_mg_dl,ldl_mg_dl,triglycerides_mg_dl,lipoprotein_a_mg_dl,bun_mg_dl,bun_creatinine_ratio,sodium_mmol_l,potassium_mmol_l,chloride_mmol_l,co2_mmol_l,calcium_mg_dl,total_protein_g_dl,albumin_g_dl,bilirubin_mg_dl,alk_phos_u_l,ast_u_l,alt_u_l,creatinine_mg_dl,egfr_ml_min_1_73,urine_acr_mg_g,c_peptide_ng_ml,tsh_uiu_ml,free_t4_ng_dl,thyroxine_t4_ug_dl,t3_uptake_pct,free_thyroxine_index,vitamin_d_ng_ml,vitamin_b12_pg_ml,wbc_x10e3_ul,rbc_x10e6_ul,hemoglobin_g_dl,hematocrit_pct,platelets_x10e3_ul,psa_ng_ml,hcv_antibody,estimated_avg_glucose_mg_dl,notes
2023-05-30,Quest,Quest Lab Results Jun 2023.pdf,149.0,7.1,137.0,41.0,75.0,129.0,,,,137.0,4.8,101.0,28.0,9.4,7.0,4.4,0.5,52.0,19.0,13.0,0.99,86.0,,,,,,,,,,,,,,,,,,
2023-08-28,Quest,Quest Lab Results C-peptide Aug 2023.pdf,,,,,,,,,,,,,,,,,,,,,,,,0.72,,,,,,,,,,,,,,,,C-peptide only report
2024-01-15,Quest,Quest Lab Results Jan 2024.pdf,136.0,7.1,188.0,44.0,114.0,189.0,,,,133.0,4.8,98.0,25.0,9.4,7.3,4.4,0.4,54.0,22.0,18.0,0.91,95.0,,0.77,,,,,,,,,,,,,,,,
2024-06-11,Quest,Quest Lab Results June 2024.pdf,148.0,6.7,,,,,,,,133.0,4.7,98.0,27.0,8.9,6.7,4.2,0.5,48.0,17.0,13.0,0.96,88.0,,1.03,,,,,,,,,,,,,,,,
2024-10-02,Quest,Quest Lab results C-peptide Oct 2024.pdf,,,,,,,,,,,,,,,,,,,,,,,,0.82,,,,,,,,,,,,,,,,C-peptide only report
2025-01-28,LetsGetChecked,Let Get Checked LABSFinalReport-Feb 2025.pdf,,7.7,121.0,45.0,56.0,112.0,12.0,,,,,,,,,,,,,,,,,,,,,,,,,,,,,,,,175.0,Value reported as <12
2025-06-02,Labcorp,Labcorp test results - June 2025.pdf,147.0,7.4,99.0,38.0,44.0,87.0,,16.0,17.0,135.0,4.5,97.0,23.0,9.2,6.8,4.3,0.4,61.0,20.0,18.0,0.95,89.0,51.0,1.2,,,,,,,,11.2,4.82,14.0,42.2,312.0,,,,
2025-09-12,Labcorp,Labcorp test results - Sept 2025.pdf,112.0,7.4,,,,,,10.0,11.0,132.0,4.9,93.0,22.0,9.5,7.1,4.6,0.3,65.0,25.0,15.0,0.9,95.0,19.0,0.9,,,,,,,,9.6,4.91,14.1,43.8,293.0,,,,
2026-02-12,Labcorp,Lab Corp Feb 2026.pdf,135.0,6.5,101.0,36.0,42.0,133.0,,16.0,16.0,131.0,4.4,93.0,25.0,9.2,7.0,4.6,0.3,58.0,22.0,17.0,0.99,85.0,29.0,1.3,12.7,1.05,,,,72.0,2000.0,12.2,4.46,12.9,39.5,328.0,1.02,Non Reactive,,Value reported as >2000
2026-02-17,Labcorp,lab-result-document-019c704d-3368-73c2-b86c-db3ba262f84b.pdf,,,,,,,,,,,,,,,,,,,,,,,,,,,5.2,28.0,15.0,,,,,,,,,,,
2026-04-27,Labcorp,TSH and T4 Tests April 2026.pdf,,,,,,,,,,,,,,,,,,,,,,,,,3.48,1.58,,,,,,,,,,,,,,
2026-06-08,Labcorp,Labcopr results June 2026.pdf,162.0,7.1,90.0,37.0,41.0,92.0,,18.0,18.0,125.0,4.6,89.0,23.0,9.2,6.8,4.4,0.3,59.0,20.0,11.0,0.98,85.0,,,6.37,1.44,,,,,,,,,,,,,,
