Date,Time,Systolic (mmHg),Diastolic (mmHg),Pulse (bpm),Symptoms,Consumed,TruRead,Notes
Apr 2 2026,9:23 pm,123,63,98,-,-,-,-
Apr 2 2026,9:22 pm,134,61,100,-,-,-,-
Apr 2 2026,9:22 pm,122,65,100,-,-,-,-
Apr 1 2026,7:52 pm,137,64,87,-,-,-,-
Apr 1 2026,7:51 pm,141,71,85,-,-,-,-
Apr 1 2026,7:50 pm,144,76,88,-,-,-,-
Mar 31 2026,9:30 pm,163,78,100,-,-,-,-
Mar 31 2026,9:29 pm,161,80,100,-,-,-,-
Mar 31 2026,9:28 pm,163,81,102,-,-,-,-
Mar 31 2026,3:16 pm,127,67,81,-,-,-,-
Mar 31 2026,3:16 pm,136,68,84,-,-,-,-
Mar 31 2026,3:15 pm,136,72,83,-,-,-,-
Mar 30 2026,8:20 pm,143,78,102,-,-,-,-
Mar 30 2026,8:19 pm,146,80,103,-,-,-,-
Mar 30 2026,8:18 pm,136,79,103,-,-,-,-
Mar 29 2026,10:57 pm,142,70,86,-,-,-,-
Mar 29 2026,10:56 pm,135,77,87,-,-,-,-
Mar 29 2026,10:55 pm,146,81,87,-,-,-,-
Mar 29 2026,9:01 pm,138,73,89,-,-,-,-
Mar 29 2026,9:01 pm,133,76,87,-,-,-,-
Mar 29 2026,8:59 pm,139,75,87,-,-,-,-
Mar 29 2026,12:43 pm,116,59,92,-,-,-,-
Mar 29 2026,12:42 pm,126,61,91,-,-,-,-
Mar 29 2026,12:42 pm,123,65,93,-,-,-,-
Mar 29 2026,12:06 am,136,77,77,-,-,-,-
Mar 29 2026,12:05 am,140,77,81,-,-,-,-
Mar 28 2026,10:48 pm,159,86,88,-,-,-,-
Mar 28 2026,10:47 pm,165,84,89,-,-,-,-
Mar 28 2026,10:45 pm,168,89,91,-,-,-,-
Mar 28 2026,12:38 pm,134,63,102,-,-,-,-
Mar 28 2026,12:37 pm,137,65,103,-,-,-,-
Mar 28 2026,12:37 pm,137,63,106,-,-,-,-
Mar 26 2026,8:50 pm,131,75,97,-,-,-,-
Mar 26 2026,8:50 pm,140,73,96,-,-,-,-
Mar 26 2026,8:49 pm,145,79,100,-,-,-,-
Mar 26 2026,12:01 am,137,79,88,-,-,-,-
Mar 26 2026,12:00 am,147,76,91,-,-,-,-
Mar 25 2026,11:58 pm,145,83,92,-,-,-,-
Mar 24 2026,10:01 pm,139,68,92,-,-,-,-
Mar 24 2026,10:00 pm,132,76,89,-,-,-,-
Mar 24 2026,9:59 pm,128,75,92,-,-,-,-
Mar 23 2026,9:13 pm,127,68,85,-,-,-,-
Mar 23 2026,9:13 pm,127,75,88,-,-,-,-
Mar 23 2026,9:11 pm,130,75,86,-,-,-,-
Mar 23 2026,12:12 pm,122,66,82,-,-,-,-
Mar 23 2026,12:11 pm,121,63,81,-,-,-,-
Mar 23 2026,12:10 pm,120,62,82,-,-,-,-
Mar 22 2026,9:29 pm,146,78,92,-,-,-,-
Mar 22 2026,9:27 pm,156,83,96,-,-,-,-
Mar 22 2026,5:44 pm,123,62,100,-,-,-,-
Mar 22 2026,5:43 pm,130,67,93,-,-,-,-
Mar 22 2026,5:42 pm,130,69,97,-,-,-,-
Mar 19 2026,9:52 pm,133,66,92,-,-,-,-
Mar 19 2026,9:52 pm,139,72,92,-,-,-,-
Mar 19 2026,9:51 pm,138,73,90,-,-,-,-
Mar 17 2026,7:18 am,115,65,69,-,-,-,-
Mar 17 2026,7:17 am,122,68,68,-,-,-,-
Mar 17 2026,7:17 am,129,71,74,-,-,-,-
Mar 16 2026,5:48 pm,122,73,94,-,-,-,-
Mar 16 2026,5:47 pm,140,70,93,-,-,-,-
Mar 16 2026,5:46 pm,137,73,95,-,-,-,-
Mar 16 2026,11:42 am,120,67,72,-,-,-,-
Mar 16 2026,11:40 am,129,70,78,-,-,-,-
Mar 16 2026,12:25 am,150,77,83,-,-,-,-
Mar 16 2026,12:24 am,140,77,81,-,-,-,-
Mar 15 2026,3:58 pm,127,64,87,-,-,-,-
Mar 15 2026,3:57 pm,120,66,85,-,-,-,-
Mar 15 2026,3:57 pm,114,73,87,-,-,-,-
Mar 14 2026,10:29 pm,135,71,91,-,-,-,-
Mar 14 2026,10:28 pm,140,77,92,-,-,-,-
Mar 14 2026,10:27 pm,149,76,92,-,-,-,-
Mar 14 2026,2:34 pm,135,74,97,-,-,-,-
Mar 14 2026,2:33 pm,130,74,94,-,-,-,-
Mar 14 2026,2:32 pm,128,73,95,-,-,-,-
Mar 12 2026,8:28 pm,135,70,94,-,-,-,-
Mar 12 2026,8:27 pm,140,71,95,-,-,-,-
Mar 11 2026,10:24 pm,155,83,85,-,-,-,-
Mar 11 2026,12:10 am,146,75,80,-,-,-,-
Mar 11 2026,12:09 am,146,83,82,-,-,-,-
Mar 10 2026,4:46 pm,121,70,86,-,-,-,-
Mar 10 2026,4:45 pm,125,66,89,-,-,-,-
Mar 10 2026,2:33 pm,127,68,84,-,-,-,-
Mar 10 2026,2:32 pm,122,67,88,-,-,-,-
Mar 9 2026,12:45 pm,108,58,85,-,-,-,-
Mar 9 2026,12:44 pm,115,65,85,-,-,-,-
Mar 9 2026,12:44 pm,116,63,85,-,-,-,-
Mar 8 2026,10:37 pm,133,74,87,-,-,-,-
Mar 8 2026,10:36 pm,146,77,89,-,-,-,-
Mar 8 2026,9:07 pm,124,69,91,-,-,-,-
Mar 8 2026,3:09 pm,122,67,79,-,-,-,-
Mar 8 2026,3:08 pm,137,71,82,-,-,-,-
Mar 8 2026,3:07 pm,136,74,81,-,-,-,-
Mar 7 2026,9:01 pm,142,76,87,-,-,-,-
Mar 7 2026,9:00 pm,145,73,88,-,-,-,-
Mar 7 2026,9:00 pm,145,82,92,-,-,-,-
Mar 6 2026,9:26 pm,157,80,99,-,-,-,-
Mar 6 2026,9:25 pm,135,71,105,-,-,-,-
Mar 6 2026,9:24 pm,116,64,112,-,-,-,-
Mar 6 2026,4:36 pm,116,63,96,-,-,-,-
Mar 6 2026,4:35 pm,119,69,98,-,-,-,-
Mar 5 2026,11:50 pm,157,77,87,-,-,-,-
Mar 5 2026,11:49 pm,159,88,90,-,-,-,-
Mar 5 2026,5:41 pm,158,83,93,-,-,-,-
Mar 5 2026,5:40 pm,153,81,84,-,-,-,-
Mar 5 2026,5:39 pm,164,90,95,-,-,-,-
Mar 5 2026,7:11 am,136,75,83,-,-,-,-
Mar 5 2026,7:11 am,132,74,80,-,-,-,-
Mar 5 2026,7:10 am,140,78,92,-,-,-,-
Mar 4 2026,8:27 pm,141,78,93,-,-,-,-
Mar 4 2026,8:26 pm,146,86,93,-,-,-,-
Mar 3 2026,11:52 pm,163,84,88,-,-,-,-
Mar 3 2026,11:51 pm,156,84,93,-,-,-,-
Mar 3 2026,8:01 pm,134,73,90,-,-,-,-
Mar 3 2026,8:00 pm,142,76,92,-,-,-,-
Mar 3 2026,7:59 pm,140,78,94,-,-,-,-
Mar 3 2026,4:45 pm,143,79,98,-,-,-,-
Mar 3 2026,4:44 pm,144,77,98,-,-,-,-
Mar 3 2026,10:00 am,129,73,80,-,-,-,-
Mar 3 2026,9:59 am,124,71,83,-,-,-,-
Mar 3 2026,6:54 am,132,76,77,-,-,-,-
Mar 3 2026,6:53 am,131,76,75,-,-,-,-
Mar 3 2026,6:53 am,136,79,76,-,-,-,-
Mar 3 2026,12:18 am,142,80,84,-,-,-,-
Mar 3 2026,12:17 am,146,86,90,-,-,-,-
Mar 2 2026,6:35 pm,144,81,81,-,-,-,-
Mar 2 2026,6:34 pm,158,78,88,-,-,-,-
Mar 2 2026,10:11 am,136,81,82,-,-,-,-
Mar 2 2026,9:59 am,132,76,79,-,-,-,-
Mar 2 2026,9:58 am,132,70,79,-,-,-,-
Mar 2 2026,9:29 am,146,74,84,-,-,-,-
Mar 2 2026,9:28 am,130,66,96,-,-,-,-
Mar 2 2026,7:06 am,142,78,76,-,-,-,-
Mar 2 2026,7:05 am,145,81,80,-,-,-,-
Mar 2 2026,7:04 am,141,74,81,-,-,-,-
Mar 1 2026,11:42 pm,149,81,90,-,-,-,-
Mar 1 2026,9:42 pm,129,72,99,-,-,-,-
Mar 1 2026,9:41 pm,126,72,103,-,-,-,-
Mar 1 2026,9:41 pm,136,73,100,-,-,-,-
Mar 1 2026,5:19 pm,122,65,91,-,-,-,-
Mar 1 2026,5:18 pm,124,66,90,-,-,-,-
Mar 1 2026,5:17 pm,126,68,92,-,-,-,-
Mar 1 2026,2:13 pm,112,61,94,-,-,-,-
Mar 1 2026,2:13 pm,115,63,96,-,-,-,-
Mar 1 2026,2:12 pm,119,68,100,-,-,-,-
Feb 28 2026,10:11 pm,142,72,84,-,-,-,-
Feb 28 2026,10:10 pm,149,80,91,-,-,-,-
Feb 28 2026,10:08 pm,144,73,86,-,-,-,-
Feb 28 2026,6:41 am,117,69,74,-,-,-,-
Feb 28 2026,6:40 am,117,71,79,-,-,-,-
Feb 28 2026,6:40 am,134,75,82,-,-,-,-
Feb 27 2026,9:11 pm,137,73,88,-,-,-,-
Feb 27 2026,9:11 pm,140,74,88,-,-,-,-
Feb 27 2026,9:10 pm,130,73,90,-,-,-,-
Feb 27 2026,2:20 pm,121,69,91,-,-,-,-
Feb 27 2026,9:53 am,115,71,76,-,-,-,-
Feb 27 2026,9:52 am,125,72,80,-,-,-,-
Feb 27 2026,7:09 am,95,59,81,-,-,-,-
Feb 27 2026,7:08 am,127,70,77,-,-,-,-
Feb 27 2026,7:07 am,127,80,86,-,-,-,-
Feb 26 2026,8:06 pm,123,67,93,-,-,-,-
Feb 26 2026,8:05 pm,126,69,90,-,-,-,-
Feb 26 2026,8:04 pm,120,73,95,-,-,-,-
Feb 26 2026,7:00 am,130,75,77,-,-,-,-
Feb 26 2026,6:59 am,134,77,78,-,-,-,-
Feb 26 2026,6:58 am,133,76,80,-,-,-,-
Feb 25 2026,7:58 pm,133,70,98,-,-,-,-
Feb 25 2026,7:57 pm,134,74,98,-,-,-,-
Feb 25 2026,7:56 pm,146,77,103,-,-,-,-
Feb 24 2026,9:47 pm,142,80,96,-,-,-,-
Feb 24 2026,2:01 pm,124,70,89,-,-,-,-
Feb 24 2026,2:00 pm,122,67,91,-,-,-,-
Feb 24 2026,1:59 pm,131,74,92,-,-,-,-
Feb 24 2026,12:42 am,154,81,89,-,-,-,-
Feb 24 2026,12:41 am,161,86,86,-,-,-,-
Feb 24 2026,12:40 am,161,87,89,-,-,-,-
Feb 23 2026,11:27 pm,154,81,95,-,-,-,-
Feb 23 2026,11:26 pm,165,91,99,-,-,-,-
Feb 23 2026,11:25 pm,165,86,100,-,-,-,-
Feb 23 2026,10:54 pm,145,78,94,-,-,-,-
Feb 23 2026,10:53 pm,148,79,93,-,-,-,-
Feb 23 2026,10:52 pm,150,84,97,-,-,-,-
Feb 23 2026,6:41 pm,128,73,99,-,-,-,-
Feb 23 2026,6:40 pm,132,76,101,-,-,-,-
Feb 23 2026,6:39 pm,141,75,103,-,-,-,-
Feb 23 2026,4:25 pm,122,74,97,-,-,-,-
Feb 23 2026,4:24 pm,133,74,100,-,-,-,-
Feb 23 2026,4:23 pm,138,72,98,-,-,-,-
Feb 23 2026,9:46 am,133,79,87,-,-,-,-
Feb 23 2026,9:45 am,136,77,86,-,-,-,-
Feb 23 2026,9:43 am,132,73,85,-,-,-,-
Feb 23 2026,7:08 am,146,81,75,-,-,-,-
Feb 23 2026,7:07 am,144,80,78,-,-,-,-
Feb 23 2026,7:06 am,146,70,81,-,-,-,-
Feb 23 2026,12:32 am,145,80,89,-,-,-,-
Feb 23 2026,12:31 am,142,78,88,-,-,-,-
Feb 23 2026,12:30 am,146,80,88,-,-,-,-
Feb 22 2026,7:00 pm,138,71,96,-,-,-,-
Feb 22 2026,6:59 pm,136,74,97,-,-,-,-
Feb 22 2026,6:57 pm,140,83,99,-,-,-,-
Feb 22 2026,6:41 pm,130,77,100,-,-,-,-
Feb 22 2026,11:37 am,106,56,96,-,-,-,-
Feb 22 2026,11:36 am,109,59,98,-,-,-,-
Feb 22 2026,11:35 am,108,57,100,-,-,-,-
Feb 22 2026,9:30 am,130,74,88,-,-,-,-
Feb 22 2026,9:30 am,146,75,89,-,-,-,-
Feb 22 2026,9:29 am,143,75,100,-,-,-,-
Feb 22 2026,7:20 am,145,82,78,-,-,-,-
Feb 22 2026,7:19 am,148,80,76,-,-,-,-
Feb 22 2026,7:18 am,150,80,76,-,-,-,-
Feb 22 2026,7:17 am,128,79,80,-,-,-,-
Feb 22 2026,5:11 am,130,74,78,-,-,-,-
Feb 22 2026,5:10 am,127,71,76,-,-,-,-
Feb 22 2026,5:09 am,134,73,82,-,-,-,-
Feb 22 2026,5:07 am,134,72,80,-,-,-,-
Feb 22 2026,5:06 am,131,74,78,-,-,-,-
Feb 22 2026,5:05 am,132,75,82,-,-,-,-
Feb 21 2026,11:35 pm,150,80,85,-,-,-,-
Feb 21 2026,11:34 pm,162,83,88,-,-,-,-
Feb 21 2026,11:32 pm,162,82,90,-,-,-,-
Feb 21 2026,10:29 pm,152,81,89,-,-,-,-
Feb 21 2026,10:28 pm,148,81,90,-,-,-,-
Feb 21 2026,10:27 pm,154,81,92,-,-,-,-
Feb 21 2026,9:40 pm,143,76,87,-,-,-,-
Feb 21 2026,9:39 pm,151,85,87,-,-,-,-
Feb 21 2026,9:37 pm,149,85,90,-,-,-,-
Feb 21 2026,6:44 pm,131,68,100,-,-,-,-
Feb 21 2026,6:43 pm,129,66,102,-,-,-,-
Feb 21 2026,6:42 pm,122,64,101,-,-,-,-
Feb 21 2026,5:03 pm,128,74,84,-,-,-,-
Feb 21 2026,5:02 pm,139,73,83,-,-,-,-
Feb 21 2026,5:01 pm,143,82,81,-,-,-,-
Feb 21 2026,10:06 am,145,79,85,-,-,-,-
Feb 21 2026,10:05 am,150,80,80,-,-,-,-
Feb 21 2026,10:04 am,151,76,89,-,-,-,-
Feb 21 2026,6:43 am,132,72,81,-,-,-,-
Feb 21 2026,6:42 am,138,75,83,-,-,-,-
Feb 21 2026,6:41 am,135,74,85,-,-,-,-
Feb 21 2026,12:55 am,147,81,84,-,-,-,-
Feb 21 2026,12:54 am,151,84,86,-,-,-,-
Feb 21 2026,12:53 am,157,86,90,-,-,-,-
Feb 21 2026,12:05 am,155,86,92,-,-,-,-
Feb 21 2026,12:02 am,154,85,91,-,-,-,-
Feb 20 2026,10:17 pm,140,84,94,-,-,-,-
Feb 20 2026,10:16 pm,155,87,96,-,-,-,-
Feb 20 2026,10:16 pm,152,93,101,-,-,-,-
Feb 20 2026,3:59 pm,135,76,96,-,-,-,-
Feb 20 2026,3:57 pm,143,76,93,-,-,-,-
Feb 20 2026,3:55 pm,145,73,97,-,-,-,-