date,time,systolic,diastolic,pulse,source_file
2026-04-12,15:14,121,65,105,Report from Apr 11 2026 to Jun 10 2026.csv
2026-04-12,15:15,148,73,101,Report from Apr 11 2026 to Jun 10 2026.csv
2026-04-12,15:18,161,86,94,Report from Apr 11 2026 to Jun 10 2026.csv
2026-04-12,15:20,147,83,91,Report from Apr 11 2026 to Jun 10 2026.csv
2026-04-12,15:53,134,73,87,Report from Apr 11 2026 to Jun 10 2026.csv
2026-04-15,15:49,145,77,84,Report from Apr 11 2026 to Jun 10 2026.csv
2026-04-15,15:50,142,72,86,Report from Apr 11 2026 to Jun 10 2026.csv
2026-04-15,15:51,136,75,86,Report from Apr 11 2026 to Jun 10 2026.csv
2026-04-15,20:56,150,80,93,Report from Apr 11 2026 to Jun 10 2026.csv
2026-04-15,20:57,139,75,91,Report from Apr 11 2026 to Jun 10 2026.csv
2026-04-17,20:07,138,78,89,Report from Apr 11 2026 to Jun 10 2026.csv
2026-04-17,20:07,136,77,89,Report from Apr 11 2026 to Jun 10 2026.csv
2026-04-17,20:08,132,72,90,Report from Apr 11 2026 to Jun 10 2026.csv
2026-04-19,13:08,135,64,88,Report from Apr 11 2026 to Jun 10 2026.csv
2026-04-19,13:09,131,69,89,Report from Apr 11 2026 to Jun 10 2026.csv
2026-04-19,13:10,126,63,85,Report from Apr 11 2026 to Jun 10 2026.csv
2026-04-19,20:57,137,72,86,Report from Apr 11 2026 to Jun 10 2026.csv
2026-04-19,20:58,135,68,86,Report from Apr 11 2026 to Jun 10 2026.csv
2026-04-19,20:58,138,68,87,Report from Apr 11 2026 to Jun 10 2026.csv
2026-04-20,21:46,143,84,86,Report from Apr 11 2026 to Jun 10 2026.csv
2026-04-21,20:40,137,78,88,Report from Apr 11 2026 to Jun 10 2026.csv
2026-04-21,20:41,139,68,88,Report from Apr 11 2026 to Jun 10 2026.csv
2026-04-21,20:42,133,68,88,Report from Apr 11 2026 to Jun 10 2026.csv
2026-04-22,21:20,140,73,90,Report from Apr 11 2026 to Jun 10 2026.csv
2026-04-22,21:20,136,78,93,Report from Apr 11 2026 to Jun 10 2026.csv
2026-04-22,21:21,133,71,89,Report from Apr 11 2026 to Jun 10 2026.csv
2026-04-23,22:48,132,78,94,Report from Apr 11 2026 to Jun 10 2026.csv
2026-04-24,23:00,144,80,86,Report from Apr 11 2026 to Jun 10 2026.csv
2026-04-24,23:02,142,78,88,Report from Apr 11 2026 to Jun 10 2026.csv
2026-04-24,23:03,141,80,87,Report from Apr 11 2026 to Jun 10 2026.csv
2026-04-25,05:48,125,66,76,Report from Apr 11 2026 to Jun 10 2026.csv
2026-04-25,05:49,129,75,76,Report from Apr 11 2026 to Jun 10 2026.csv
2026-04-25,05:50,130,72,75,Report from Apr 11 2026 to Jun 10 2026.csv
2026-04-25,11:17,107,62,95,Report from Apr 11 2026 to Jun 10 2026.csv
2026-04-25,11:18,96,54,93,Report from Apr 11 2026 to Jun 10 2026.csv
2026-04-25,22:11,135,72,84,Report from Apr 11 2026 to Jun 10 2026.csv
2026-04-25,22:12,135,75,87,Report from Apr 11 2026 to Jun 10 2026.csv
2026-04-26,21:37,134,78,91,Report from Apr 11 2026 to Jun 10 2026.csv
2026-04-26,21:38,137,70,89,Report from Apr 11 2026 to Jun 10 2026.csv
2026-04-26,21:39,137,71,90,Report from Apr 11 2026 to Jun 10 2026.csv
2026-04-27,23:42,137,75,90,Report from Apr 11 2026 to Jun 10 2026.csv
2026-04-27,23:43,140,71,86,Report from Apr 11 2026 to Jun 10 2026.csv
2026-04-27,23:44,132,70,89,Report from Apr 11 2026 to Jun 10 2026.csv
2026-04-28,22:07,146,78,92,Report from Apr 11 2026 to Jun 10 2026.csv
2026-04-28,22:07,145,78,94,Report from Apr 11 2026 to Jun 10 2026.csv
2026-04-29,23:06,140,82,90,Omron report Jan  29 2026 to May 29 2026.csv
2026-04-29,23:07,132,76,90,Omron report Jan  29 2026 to May 29 2026.csv
2026-04-29,23:08,138,81,86,Omron report Jan  29 2026 to May 29 2026.csv
2026-04-30,15:45,151,66,108,Omron report Jan  29 2026 to May 29 2026.csv
2026-04-30,15:47,105,77,110,Omron report Jan  29 2026 to May 29 2026.csv
2026-04-30,15:48,123,86,73,Omron report Jan  29 2026 to May 29 2026.csv
2026-04-30,15:49,173,91,94,Omron report Jan  29 2026 to May 29 2026.csv
2026-04-30,15:50,162,87,92,Omron report Jan  29 2026 to May 29 2026.csv
2026-05-03,22:30,129,72,85,Omron report Jan  29 2026 to May 29 2026.csv
2026-05-04,15:13,119,68,94,Omron report Jan  29 2026 to May 29 2026.csv
2026-05-04,15:14,119,69,94,Omron report Jan  29 2026 to May 29 2026.csv
2026-05-04,15:15,124,64,93,Omron report Jan  29 2026 to May 29 2026.csv
2026-05-04,20:48,165,83,98,Omron report Jan  29 2026 to May 29 2026.csv
2026-05-04,20:50,152,79,93,Omron report Jan  29 2026 to May 29 2026.csv
2026-05-04,20:51,150,78,96,Omron report Jan  29 2026 to May 29 2026.csv
2026-05-04,20:59,149,81,93,Omron report Jan  29 2026 to May 29 2026.csv
2026-05-04,21:17,141,81,91,Omron report Jan  29 2026 to May 29 2026.csv
2026-05-04,21:58,131,74,90,Omron report Jan  29 2026 to May 29 2026.csv
2026-05-04,23:22,144,77,84,Omron report Jan  29 2026 to May 29 2026.csv
2026-05-05,21:33,138,74,100,Omron report Jan  29 2026 to May 29 2026.csv
2026-05-05,21:37,132,71,96,Omron report Jan  29 2026 to May 29 2026.csv
2026-05-05,21:59,138,71,95,Omron report Jan  29 2026 to May 29 2026.csv
2026-05-06,20:39,144,78,99,Omron report Jan  29 2026 to May 29 2026.csv
2026-05-06,21:10,143,81,94,Omron report Jan  29 2026 to May 29 2026.csv
2026-05-06,22:59,142,78,88,Omron report Jan  29 2026 to May 29 2026.csv
2026-05-07,22:36,135,73,84,Omron report Jan  29 2026 to May 29 2026.csv
2026-05-07,22:37,140,75,82,Omron report Jan  29 2026 to May 29 2026.csv
2026-05-08,21:20,139,76,86,Omron report Jan  29 2026 to May 29 2026.csv
2026-05-09,23:23,162,84,100,Omron report Jan  29 2026 to May 29 2026.csv
2026-05-09,23:43,130,77,89,Omron report Jan  29 2026 to May 29 2026.csv
2026-05-09,23:45,136,80,91,Omron report Jan  29 2026 to May 29 2026.csv
2026-05-10,14:44,130,69,87,Omron report Jan  29 2026 to May 29 2026.csv
2026-05-10,14:45,127,66,86,Omron report Jan  29 2026 to May 29 2026.csv
2026-05-11,20:09,128,71,90,Omron report Jan  29 2026 to May 29 2026.csv
2026-05-11,21:31,151,77,87,Omron report Jan  29 2026 to May 29 2026.csv
2026-05-11,21:33,147,76,88,Omron report Jan  29 2026 to May 29 2026.csv
2026-05-11,21:34,138,73,85,Omron report Jan  29 2026 to May 29 2026.csv
2026-05-12,10:56,110,63,78,Omron report Jan  29 2026 to May 29 2026.csv
2026-05-12,10:57,116,71,80,Omron report Jan  29 2026 to May 29 2026.csv
2026-05-12,10:58,116,67,80,Omron report Jan  29 2026 to May 29 2026.csv
2026-05-12,21:34,145,81,99,Omron report Jan  29 2026 to May 29 2026.csv
2026-05-12,21:35,142,79,96,Omron report Jan  29 2026 to May 29 2026.csv
2026-05-12,21:37,139,78,95,Omron report Jan  29 2026 to May 29 2026.csv
2026-05-12,23:27,129,75,89,Omron report Jan  29 2026 to May 29 2026.csv
2026-05-12,23:28,139,77,89,Omron report Jan  29 2026 to May 29 2026.csv
2026-05-13,04:26,136,75,79,Omron report Jan  29 2026 to May 29 2026.csv
2026-05-13,04:27,135,73,78,Omron report Jan  29 2026 to May 29 2026.csv
2026-05-13,04:28,133,73,78,Omron report Jan  29 2026 to May 29 2026.csv
2026-05-14,11:11,134,70,80,Omron report Jan  29 2026 to May 29 2026.csv
2026-05-14,11:12,126,68,78,Omron report Jan  29 2026 to May 29 2026.csv
2026-05-14,11:13,128,68,78,Omron report Jan  29 2026 to May 29 2026.csv
2026-05-14,12:06,130,73,81,Omron report Jan  29 2026 to May 29 2026.csv
2026-05-14,12:07,134,76,82,Omron report Jan  29 2026 to May 29 2026.csv
2026-05-14,12:09,144,79,84,Omron report Jan  29 2026 to May 29 2026.csv
2026-05-15,21:18,143,77,89,Omron report Jan  29 2026 to May 29 2026.csv
2026-05-15,21:19,139,77,87,Omron report Jan  29 2026 to May 29 2026.csv
2026-05-15,21:20,138,76,87,Omron report Jan  29 2026 to May 29 2026.csv
2026-05-17,19:25,139,74,89,Omron report Jan  29 2026 to May 29 2026.csv
2026-05-17,19:26,139,71,91,Omron report Jan  29 2026 to May 29 2026.csv
2026-05-17,19:27,138,72,91,Omron report Jan  29 2026 to May 29 2026.csv
2026-05-18,16:10,135,73,83,Omron report Jan  29 2026 to May 29 2026.csv
2026-05-18,16:11,139,72,87,Omron report Jan  29 2026 to May 29 2026.csv
2026-05-18,22:25,140,76,88,Omron report Jan  29 2026 to May 29 2026.csv
2026-05-18,22:26,149,73,89,Omron report Jan  29 2026 to May 29 2026.csv
2026-05-20,16:50,139,76,89,Omron report Jan  29 2026 to May 29 2026.csv
2026-05-20,16:52,139,72,88,Omron report Jan  29 2026 to May 29 2026.csv
2026-05-20,16:53,134,70,87,Omron report Jan  29 2026 to May 29 2026.csv
2026-05-20,20:54,127,67,86,Omron report Jan  29 2026 to May 29 2026.csv
2026-05-20,20:55,126,69,86,Omron report Jan  29 2026 to May 29 2026.csv
2026-05-20,20:56,128,70,88,Omron report Jan  29 2026 to May 29 2026.csv
2026-05-21,22:33,144,73,90,Omron report Jan  29 2026 to May 29 2026.csv
2026-05-21,22:34,143,73,87,Omron report Jan  29 2026 to May 29 2026.csv
2026-05-21,22:35,137,76,86,Omron report Jan  29 2026 to May 29 2026.csv
2026-05-21,22:52,144,74,85,Omron report Jan  29 2026 to May 29 2026.csv
2026-05-21,22:53,142,72,83,Omron report Jan  29 2026 to May 29 2026.csv
2026-05-21,22:54,140,74,82,Omron report Jan  29 2026 to May 29 2026.csv
2026-05-23,18:49,134,72,95,Omron report Jan  29 2026 to May 29 2026.csv
2026-05-23,18:51,144,79,96,Omron report Jan  29 2026 to May 29 2026.csv
2026-05-24,20:42,135,78,87,Omron report Jan  29 2026 to May 29 2026.csv
2026-05-24,20:45,140,72,89,Omron report Jan  29 2026 to May 29 2026.csv
2026-05-24,23:17,149,83,83,Omron report Jan  29 2026 to May 29 2026.csv
2026-05-24,23:19,150,86,84,Omron report Jan  29 2026 to May 29 2026.csv
2026-05-24,23:56,152,78,83,Omron report Jan  29 2026 to May 29 2026.csv
2026-05-24,23:57,145,72,80,Omron report Jan  29 2026 to May 29 2026.csv
2026-05-25,11:23,117,63,86,Omron report Jan  29 2026 to May 29 2026.csv
2026-05-25,16:09,131,71,87,Omron report Jan  29 2026 to May 29 2026.csv
2026-05-25,16:31,125,71,93,Omron report Jan  29 2026 to May 29 2026.csv
2026-05-25,16:32,136,74,92,Omron report Jan  29 2026 to May 29 2026.csv
2026-05-26,17:44,133,75,92,Omron report Jan  29 2026 to May 29 2026.csv
2026-05-26,17:45,132,75,92,Omron report Jan  29 2026 to May 29 2026.csv
2026-05-26,17:46,129,72,91,Omron report Jan  29 2026 to May 29 2026.csv
2026-05-26,20:55,144,80,94,Omron report Jan  29 2026 to May 29 2026.csv
2026-05-26,20:56,144,76,92,Omron report Jan  29 2026 to May 29 2026.csv
2026-05-26,20:57,137,74,91,Omron report Jan  29 2026 to May 29 2026.csv
2026-05-27,12:09,112,57,87,Omron report Jan  29 2026 to May 29 2026.csv
2026-05-27,12:10,123,65,87,Omron report Jan  29 2026 to May 29 2026.csv
2026-05-27,22:56,135,83,86,Omron report Jan  29 2026 to May 29 2026.csv
2026-05-27,23:53,143,74,82,Omron report Jan  29 2026 to May 29 2026.csv
2026-05-27,23:54,139,78,82,Omron report Jan  29 2026 to May 29 2026.csv
2026-05-28,22:42,162,78,81,Omron report Jan  29 2026 to May 29 2026.csv
2026-05-28,22:43,156,82,82,Omron report Jan  29 2026 to May 29 2026.csv
2026-05-28,22:44,145,82,80,Omron report Jan  29 2026 to May 29 2026.csv
2026-05-28,22:57,144,77,78,Omron report Jan  29 2026 to May 29 2026.csv
2026-05-28,22:59,147,79,78,Omron report Jan  29 2026 to May 29 2026.csv
2026-05-28,23:00,144,74,77,Omron report Jan  29 2026 to May 29 2026.csv
2026-05-29,10:17,111,61,88,Omron report Jan  29 2026 to May 29 2026.csv
2026-05-29,13:19,119,67,82,Omron report Jan  29 2026 to May 29 2026.csv
2026-05-29,13:21,123,68,88,Omron report Jan  29 2026 to May 29 2026.csv
2026-05-29,13:22,133,65,86,Omron report Jan  29 2026 to May 29 2026.csv
2026-05-29,21:48,140,80,93,Omron report Jan  29 2026 to May 29 2026.csv
2026-05-29,21:49,144,80,94,Omron report Jan  29 2026 to May 29 2026.csv
2026-05-29,21:50,147,74,96,Omron report Jan  29 2026 to May 29 2026.csv
2026-05-29,23:25,131,72,90,Omron report Jan  29 2026 to May 29 2026.csv
2026-05-30,19:42,131,72,88,Report from Apr 11 2026 to Jun 10 2026.csv
2026-05-30,19:43,102,71,92,Report from Apr 11 2026 to Jun 10 2026.csv
2026-05-30,21:25,136,72,88,Report from Apr 11 2026 to Jun 10 2026.csv
2026-05-30,21:26,134,73,87,Report from Apr 11 2026 to Jun 10 2026.csv
2026-05-30,21:27,142,74,87,Report from Apr 11 2026 to Jun 10 2026.csv
2026-05-30,22:18,148,77,90,Report from Apr 11 2026 to Jun 10 2026.csv
2026-05-30,22:19,150,80,89,Report from Apr 11 2026 to Jun 10 2026.csv
2026-05-30,22:20,137,76,88,Report from Apr 11 2026 to Jun 10 2026.csv
2026-05-31,22:03,133,77,94,Report from Apr 11 2026 to Jun 10 2026.csv
2026-05-31,22:08,134,72,94,Report from Apr 11 2026 to Jun 10 2026.csv
2026-05-31,22:09,129,73,93,Report from Apr 11 2026 to Jun 10 2026.csv
2026-05-31,22:10,129,71,95,Report from Apr 11 2026 to Jun 10 2026.csv
2026-06-01,14:21,120,58,86,Report from Apr 11 2026 to Jun 10 2026.csv
2026-06-01,14:22,121,62,84,Report from Apr 11 2026 to Jun 10 2026.csv
2026-06-01,14:23,119,66,85,Report from Apr 11 2026 to Jun 10 2026.csv
2026-06-01,20:38,126,71,88,Report from Apr 11 2026 to Jun 10 2026.csv
2026-06-01,20:39,136,72,90,Report from Apr 11 2026 to Jun 10 2026.csv
2026-06-01,20:40,131,67,87,Report from Apr 11 2026 to Jun 10 2026.csv
2026-06-02,13:43,120,65,85,Report from Apr 11 2026 to Jun 10 2026.csv
2026-06-02,13:44,114,63,82,Report from Apr 11 2026 to Jun 10 2026.csv
2026-06-02,13:45,117,68,85,Report from Apr 11 2026 to Jun 10 2026.csv
2026-06-03,12:06,119,67,92,Report from Apr 11 2026 to Jun 10 2026.csv
2026-06-03,12:07,114,65,88,Report from Apr 11 2026 to Jun 10 2026.csv
2026-06-03,12:08,117,65,88,Report from Apr 11 2026 to Jun 10 2026.csv
2026-06-03,16:13,124,67,97,Report from Apr 11 2026 to Jun 10 2026.csv
2026-06-03,16:14,124,67,94,Report from Apr 11 2026 to Jun 10 2026.csv
2026-06-03,16:15,128,69,97,Report from Apr 11 2026 to Jun 10 2026.csv
2026-06-03,21:23,143,71,97,Report from Apr 11 2026 to Jun 10 2026.csv
2026-06-03,21:24,139,73,93,Report from Apr 11 2026 to Jun 10 2026.csv
2026-06-03,21:25,142,72,95,Report from Apr 11 2026 to Jun 10 2026.csv
2026-06-03,22:50,135,77,91,Report from Apr 11 2026 to Jun 10 2026.csv
2026-06-03,22:51,135,71,94,Report from Apr 11 2026 to Jun 10 2026.csv
2026-06-03,22:52,135,73,95,Report from Apr 11 2026 to Jun 10 2026.csv
2026-06-04,12:29,119,68,85,Report from Apr 11 2026 to Jun 10 2026.csv
2026-06-04,12:30,121,62,87,Report from Apr 11 2026 to Jun 10 2026.csv
2026-06-04,12:31,117,71,88,Report from Apr 11 2026 to Jun 10 2026.csv
2026-06-04,20:25,136,70,96,Report from Apr 11 2026 to Jun 10 2026.csv
2026-06-04,20:26,129,72,92,Report from Apr 11 2026 to Jun 10 2026.csv
2026-06-04,20:27,129,71,95,Report from Apr 11 2026 to Jun 10 2026.csv
2026-06-04,22:16,148,78,91,Report from Apr 11 2026 to Jun 10 2026.csv
2026-06-04,22:25,148,81,89,Report from Apr 11 2026 to Jun 10 2026.csv
2026-06-04,22:42,146,81,87,Report from Apr 11 2026 to Jun 10 2026.csv
2026-06-04,22:55,162,84,89,Report from Apr 11 2026 to Jun 10 2026.csv
2026-06-04,23:12,155,83,84,Report from Apr 11 2026 to Jun 10 2026.csv
2026-06-04,23:37,151,82,82,Report from Apr 11 2026 to Jun 10 2026.csv
2026-06-04,23:47,159,86,87,Report from Apr 11 2026 to Jun 10 2026.csv
2026-06-04,23:52,156,81,85,Report from Apr 11 2026 to Jun 10 2026.csv
2026-06-04,23:58,150,83,83,Report from Apr 11 2026 to Jun 10 2026.csv
2026-06-05,00:02,153,86,86,Report from Apr 11 2026 to Jun 10 2026.csv
2026-06-05,00:13,147,84,84,Report from Apr 11 2026 to Jun 10 2026.csv
2026-06-05,00:25,146,85,83,Report from Apr 11 2026 to Jun 10 2026.csv
2026-06-05,00:57,136,72,89,Report from Apr 11 2026 to Jun 10 2026.csv
2026-06-05,06:09,129,68,75,Report from Apr 11 2026 to Jun 10 2026.csv
2026-06-05,06:10,118,62,80,Report from Apr 11 2026 to Jun 10 2026.csv
2026-06-05,06:11,129,60,77,Report from Apr 11 2026 to Jun 10 2026.csv
2026-06-05,10:39,119,71,87,Report from Apr 11 2026 to Jun 10 2026.csv
2026-06-05,10:44,143,68,86,Report from Apr 11 2026 to Jun 10 2026.csv
2026-06-05,12:45,134,71,86,Report from Apr 11 2026 to Jun 10 2026.csv
2026-06-05,13:07,123,73,87,Report from Apr 11 2026 to Jun 10 2026.csv
2026-06-05,13:08,122,66,87,Report from Apr 11 2026 to Jun 10 2026.csv
2026-06-05,16:34,129,71,88,Report from Apr 11 2026 to Jun 10 2026.csv
2026-06-05,16:39,135,69,91,Report from Apr 11 2026 to Jun 10 2026.csv
2026-06-05,17:44,133,73,98,Report from Apr 11 2026 to Jun 10 2026.csv
2026-06-05,21:48,141,77,101,Report from Apr 11 2026 to Jun 10 2026.csv
2026-06-05,21:49,145,71,102,Report from Apr 11 2026 to Jun 10 2026.csv
2026-06-05,21:50,139,72,100,Report from Apr 11 2026 to Jun 10 2026.csv
2026-06-05,22:24,134,71,96,Report from Apr 11 2026 to Jun 10 2026.csv
2026-06-05,23:47,129,73,92,Report from Apr 11 2026 to Jun 10 2026.csv
2026-06-05,23:48,122,74,92,Report from Apr 11 2026 to Jun 10 2026.csv
2026-06-05,23:49,136,72,90,Report from Apr 11 2026 to Jun 10 2026.csv
2026-06-06,12:53,141,70,97,Report from Apr 11 2026 to Jun 10 2026.csv
2026-06-06,12:54,129,65,95,Report from Apr 11 2026 to Jun 10 2026.csv
2026-06-06,12:55,124,65,94,Report from Apr 11 2026 to Jun 10 2026.csv
2026-06-06,17:16,128,70,100,Report from Apr 11 2026 to Jun 10 2026.csv
2026-06-06,17:17,122,68,99,Report from Apr 11 2026 to Jun 10 2026.csv
2026-06-06,17:18,127,71,99,Report from Apr 11 2026 to Jun 10 2026.csv
2026-06-06,20:04,156,81,97,Report from Apr 11 2026 to Jun 10 2026.csv
2026-06-06,20:30,132,78,95,Report from Apr 11 2026 to Jun 10 2026.csv
2026-06-06,20:31,132,77,92,Report from Apr 11 2026 to Jun 10 2026.csv
2026-06-06,20:58,143,80,94,Report from Apr 11 2026 to Jun 10 2026.csv
2026-06-06,21:01,153,84,96,Report from Apr 11 2026 to Jun 10 2026.csv
2026-06-06,21:21,139,78,90,Report from Apr 11 2026 to Jun 10 2026.csv
2026-06-06,21:44,136,80,94,Report from Apr 11 2026 to Jun 10 2026.csv
2026-06-06,22:15,147,77,91,Report from Apr 11 2026 to Jun 10 2026.csv
2026-06-06,22:16,143,78,88,Report from Apr 11 2026 to Jun 10 2026.csv
2026-06-06,22:35,129,77,91,Report from Apr 11 2026 to Jun 10 2026.csv
2026-06-07,05:44,140,76,83,Report from Apr 11 2026 to Jun 10 2026.csv
2026-06-07,05:45,134,75,83,Report from Apr 11 2026 to Jun 10 2026.csv
2026-06-07,05:46,142,75,83,Report from Apr 11 2026 to Jun 10 2026.csv
2026-06-07,05:57,138,74,84,Report from Apr 11 2026 to Jun 10 2026.csv
2026-06-07,06:09,138,76,83,Report from Apr 11 2026 to Jun 10 2026.csv
2026-06-07,06:14,137,71,81,Report from Apr 11 2026 to Jun 10 2026.csv
2026-06-07,16:30,131,68,92,Report from Apr 11 2026 to Jun 10 2026.csv
2026-06-07,16:32,124,66,92,Report from Apr 11 2026 to Jun 10 2026.csv
2026-06-07,16:33,136,70,93,Report from Apr 11 2026 to Jun 10 2026.csv
2026-06-07,20:45,142,75,92,Report from Apr 11 2026 to Jun 10 2026.csv
2026-06-07,20:46,134,75,87,Report from Apr 11 2026 to Jun 10 2026.csv
2026-06-07,20:47,133,73,86,Report from Apr 11 2026 to Jun 10 2026.csv
2026-06-08,10:46,136,77,87,Report from Apr 11 2026 to Jun 10 2026.csv
2026-06-08,10:47,129,69,82,Report from Apr 11 2026 to Jun 10 2026.csv
2026-06-08,10:49,127,70,83,Report from Apr 11 2026 to Jun 10 2026.csv
2026-06-08,20:40,129,72,98,Report from Apr 11 2026 to Jun 10 2026.csv
2026-06-08,20:41,130,72,99,Report from Apr 11 2026 to Jun 10 2026.csv
2026-06-08,21:30,147,83,102,Report from Apr 11 2026 to Jun 10 2026.csv
2026-06-08,21:31,136,77,99,Report from Apr 11 2026 to Jun 10 2026.csv
2026-06-08,21:33,133,76,99,Report from Apr 11 2026 to Jun 10 2026.csv
2026-06-09,05:53,127,76,84,Report from Apr 11 2026 to Jun 10 2026.csv
2026-06-09,05:54,126,69,82,Report from Apr 11 2026 to Jun 10 2026.csv
2026-06-09,05:55,127,69,82,Report from Apr 11 2026 to Jun 10 2026.csv
2026-06-09,21:50,117,65,96,Report from Apr 11 2026 to Jun 10 2026.csv
2026-06-09,21:51,137,69,95,Report from Apr 11 2026 to Jun 10 2026.csv
2026-06-09,21:52,130,69,95,Report from Apr 11 2026 to Jun 10 2026.csv
2026-06-10,06:46,129,72,82,Report from Apr 11 2026 to Jun 10 2026.csv
2026-06-10,06:47,138,80,85,Report from Apr 11 2026 to Jun 10 2026.csv
2026-06-10,06:48,138,76,84,Report from Apr 11 2026 to Jun 10 2026.csv
2026-06-10,09:18,131,69,91,Report from Apr 11 2026 to Jun 10 2026.csv
2026-06-10,09:19,134,67,92,Report from Apr 11 2026 to Jun 10 2026.csv
2026-06-10,09:20,125,66,90,Report from Apr 11 2026 to Jun 10 2026.csv
2026-06-10,16:59,136,78,101,Report from Apr 11 2026 to Jun 10 2026.csv
2026-06-10,17:00,132,73,101,Report from Apr 11 2026 to Jun 10 2026.csv
2026-06-10,17:01,117,72,101,Report from Apr 11 2026 to Jun 10 2026.csv
